Invention/Discovery,Contributor,Field,Short Description,Detailed Description
Water-Raising Machines,Al-Jazari,Mechanical Engineering,Innovative machines for raising water to higher levels,"Al-Jazari designed five different water-raising machines including reciprocating pumps and water-powered pumps. These machines used mechanical principles like the crank-connecting rod system and were crucial for irrigation and water supply. His designs included automatic control systems and were documented in his Book of Knowledge of Ingenious Mechanical Devices (1206)."
Camera Obscura,Ibn al-Haytham,Optics,First accurate description and analysis of the camera obscura phenomenon,"Ibn al-Haytham provided the first correct explanation of the camera obscura effect in his Book of Optics. He used the camera obscura to demonstrate that light travels in straight lines and explained how images are formed. This work laid the foundation for modern photography and influenced later European scientists like Leonardo da Vinci and Johannes Kepler."
Surgical Instruments,Al-Zahrawi,Medicine,Invention of over 200 surgical instruments,"Al-Zahrawi designed and illustrated numerous surgical instruments including forceps, scalpels, surgical needles, and specialized tools for specific operations. Many of these instruments bear remarkable resemblance to modern surgical tools. He documented these in his medical encyclopedia Al-Tasrif, which included detailed illustrations and instructions for their use."
Pulmonary Circulation,Ibn al-Nafis,Medicine,First description of pulmonary circulation of blood,"Ibn al-Nafis accurately described how blood moves from the right to the left side of the heart through the lungs, where it mixes with air. This discovery challenged Galen's incorrect theory that had dominated medicine for over a millennium and predated European descriptions by nearly 300 years."
Algebra,Al-Khwarizmi,Mathematics,Development of systematic algebraic methods,"Al-Khwarizmi's book ""Al-Jabr wa-l-Muqabala"" (from which the term ""algebra"" derives) established algebra as an independent mathematical discipline. He introduced systematic methods for solving linear and quadratic equations and developed the concept of reduction and balancing to solve equations, which are fundamental to modern mathematics."
Algorithm,Al-Khwarizmi,Mathematics,Development of systematic problem-solving procedures,"The word ""algorithm"" is derived from Al-Khwarizmi's name. He developed systematic procedures for solving mathematical problems step by step. These procedures became the foundation for computational mathematics and eventually modern computer science."
Decimal Positional Number System,Al-Khwarizmi,Mathematics,Introduction of Hindu-Arabic numerals to the Western world,"Al-Khwarizmi introduced the Hindu-Arabic numeral system (1-9 and 0) to the Islamic world, which later spread to Europe. This system, which included the crucial concept of zero as a placeholder, revolutionized mathematics by making complex calculations much simpler than with Roman numerals."
Frequency Analysis in Cryptography,Al-Kindi,Cryptography,Development of frequency analysis for deciphering encrypted messages,"Al-Kindi developed the technique of frequency analysis for breaking substitution ciphers. By analyzing the frequency of letters in encrypted text, he could determine the most likely substitutions. This technique remained the primary method for breaking ciphers until the development of modern encryption in the 20th century."
Distillation Apparatus,Jabir ibn Hayyan,Chemistry,Development of improved distillation equipment,"Jabir ibn Hayyan perfected the alembic still for distillation, which allowed for the purification of liquids and the extraction of essential oils. This technology was crucial for the development of chemistry, perfumery, and medicine, enabling the creation of pure substances and new compounds."
Strong Acids,Jabir ibn Hayyan,Chemistry,Discovery of sulfuric nitric and hydrochloric acids,"Jabir ibn Hayyan discovered several important acids including sulfuric acid (vitriol), nitric acid, and hydrochloric acid. These discoveries revolutionized chemistry by providing powerful reagents for dissolving, purifying, and transforming substances, enabling countless chemical processes and reactions."
Experimental Scientific Method,Ibn al-Haytham,Scientific Methodology,Development of the experimental approach to scientific inquiry,"Ibn al-Haytham emphasized the importance of experimental evidence over untested theories. His approach involved systematic observation, measurement, experimentation, and the formulation of hypotheses. This methodology was a crucial development in the history of science, predating the European scientific revolution by centuries."
Astrolabe Improvements,Maryam al-Ijliya and others,Astronomy,Refinement and improvement of the astrolabe for astronomical observations,"Muslim astronomers made significant improvements to the astrolabe, making it more accurate and versatile. These improved instruments were used for determining the positions of stars and planets, finding the direction of Mecca, determining prayer times, and navigation. Maryam al-Ijliya was known for her skill in constructing these precision instruments."
Mechanical Clock Designs,Al-Jazari,Mechanical Engineering,Creation of sophisticated water clocks and timing devices,"Al-Jazari designed several innovative water clocks, including the famous Elephant Clock that combined Indian, Greek, Arabic, Persian, and Chinese elements. His clocks featured complex mechanisms and automata, representing significant advances in precision timekeeping and mechanical engineering."
Flying Machine,Abbas ibn Firnas,Aviation,First documented attempt at controlled human flight,"Abbas ibn Firnas constructed a flying machine using silk and eagle feathers and made the first documented attempt at controlled flight in 875 CE. He flew from a hill near Cordoba and remained airborne for a considerable time before crash-landing. He later noted that his design lacked a tail, which birds use to land safely."
Smallpox and Measles Differentiation,Al-Razi,Medicine,First clear medical distinction between smallpox and measles,"Al-Razi was the first physician to clearly distinguish between smallpox and measles, two diseases that were often confused. His clinical descriptions were so precise that they remained standard reference for centuries. He also described their pathology and suggested treatments based on his observations."
Spherical Trigonometry,Nasir al-Din al-Tusi,Mathematics,Development of spherical trigonometry as a distinct mathematical discipline,"Nasir al-Din al-Tusi developed spherical trigonometry as an independent branch of mathematics, separate from astronomy. He produced the first comprehensive treatise on the subject, introducing the sine law for spherical triangles and other fundamental concepts that were essential for accurate astronomical calculations and navigation."
Tabula Rogeriana (World Map),Al-Idrisi,Geography/Cartography,Creation of the most accurate world map of the medieval period,"Al-Idrisi created a detailed world map in 1154 known as the Tabula Rogeriana for King Roger II of Sicily. The map was accompanied by a book containing information about the regions, peoples, and trade routes of the known world. It was the most accurate world map of its time and influenced European cartography for centuries."
Sociological and Historical Methodology,Ibn Khaldun,Sociology/History,Development of scientific approach to history and sociology,"In his Muqaddimah, Ibn Khaldun introduced a scientific methodology to the study of history and society. He developed theories on social cohesion, economic development, and the cyclical rise and fall of civilizations. His approach to understanding social phenomena through empirical observation and rational analysis established the foundations of modern sociology."
Catgut Sutures,Al-Zahrawi,Medicine,First use of catgut for internal surgical stitches,"Al-Zahrawi was the first surgeon to use catgut (absorbable animal gut) for internal stitches in surgery. This innovation was crucial because, unlike other materials, catgut dissolves naturally in the body, eliminating the need for stitch removal and reducing infection risk. This technique remained standard practice in surgery until the development of synthetic absorbable sutures."
Pointed Arch,Various Muslim architects,Architecture,Development and refinement of the pointed arch,"Muslim architects developed and refined the pointed arch, which could bear heavier loads than the rounded Roman arch. This architectural innovation allowed for taller, more light-filled buildings and was later adopted in European Gothic architecture. The technology transferred to Europe through cultural exchanges in places like Sicily and Spain."
Vaccination Technique,Turkish physicians,Medicine,Early development of smallpox inoculation,"Turkish physicians developed an early form of vaccination against smallpox by inoculating healthy individuals with material from the pustules of those with mild cases. This technique, which predated Edward Jenner's work by centuries, was observed by Lady Mary Wortley Montagu in the early 18th century and introduced to England, contributing to the development of modern vaccination."
Coffee Processing,Various across Yemen and Ethiopia,Food Science,Development of coffee as a beverage,"The processing and preparation of coffee beans to create a beverage was developed in Yemen and Ethiopia. The stimulating effects of coffee were first recognized by Sufi monks who used it to stay awake during night prayers. Coffee cultivation and preparation techniques spread throughout the Muslim world before reaching Europe in the 16th century."
Luster Ceramic Technique,Potters in Iraq and Egypt,Art/Materials Science,Development of metallic glaze for pottery,"Potters in Baghdad and other centers developed the luster technique for ceramics, which involved applying metallic oxides to create a shimmering, iridescent surface after firing. This sophisticated technology required precise control of the kiln atmosphere and revolutionized decorative arts, later influencing European pottery when the technique spread to Spain and Italy."
Cryptanalysis,Al-Kindi,Mathematics/Cryptography,Development of systematic methods for breaking codes,"Al-Kindi established the field of cryptanalysis with his work ""On Deciphering Cryptographic Messages,"" which detailed systematic methods for breaking codes, particularly using frequency analysis. This work laid the foundation for cryptanalysis for nearly a millennium until the development of modern encryption methods."
Gunpowder Refinement,Various Muslim military engineers,Military Technology,Improvement of gunpowder formulas and applications,"While gunpowder was invented in China, Muslim military engineers developed more powerful formulas and new military applications. Hasan al-Rammah's 13th-century book ""The Book of Military Horsemanship and Ingenious War Devices"" contained the first documented gunpowder formulas that could explode, creating the basis for the development of firearms and cannons."
Arabesque Design,Various Muslim artists,Art/Mathematics,Development of complex geometric patterns for decoration,"Muslim artists developed the arabesque, a distinctive form of decoration based on rhythmic linear patterns of scrolling and interlacing foliage or geometric patterns. This art form combined mathematical precision with aesthetic beauty, demonstrating the application of complex geometry and symmetry principles in art and architecture."
Earth's Circumference Calculation,Al-Biruni,Geography/Astronomy,Highly accurate measurement of Earth's circumference,"Al-Biruni calculated the Earth's circumference with remarkable accuracy using trigonometry and a new ingenious method. By measuring the height of a mountain and the angle to the horizon from its peak, he determined the Earth's radius to be 6,339.6 km, which is very close to the modern value (the mean radius is 6,371 km)."
Pharmacology Advancements,Al-Zahrawi Ibn Sina and others,Medicine/Pharmacy,Development of systematic pharmacology and new medications,"Muslim physicians developed systematic approaches to pharmacology, including methods for drug preparation, dosage determination, and administration. They discovered numerous medicinal substances, created compound drugs, and established the first drug trials. Ibn Sina's Canon of Medicine included detailed information on over 760 drugs, their properties, and uses."
Irrigation Systems,Various Muslim engineers,Agricultural Engineering,Advanced water management and irrigation techniques,"Muslim engineers developed sophisticated irrigation systems including qanats (underground channels), norias (water wheels), and various water-raising devices. They introduced water management techniques that allowed agriculture to flourish in arid regions. These systems were characterized by efficient water use and innovative distribution methods."
Paper Manufacturing Improvements,Various across the Muslim world,Materials Science,Refinement of paper production techniques,"After learning papermaking from Chinese prisoners in the 8th century, Muslims significantly improved the process, replacing mulberry bark with linen and cotton rags. They established the first paper mills in Baghdad, Damascus, and other cities, developing methods to create finer, more durable paper. This technology later spread to Europe through Spain and Sicily."
